{
  "IcoMoonType": "selection",
  "icons": [
    {
      "icon": {
        "paths": [
          "M542.165 780.501l-225.835-225.835h494.336c23.552 0 42.667-19.115 42.667-42.667s-19.115-42.667-42.667-42.667h-494.336l225.835-225.835c16.683-16.683 16.683-43.691 0-60.331s-43.691-16.683-60.331 0l-298.667 298.667c-4.096 4.096-7.168 8.789-9.259 13.824-2.176 5.205-3.243 10.795-3.243 16.341 0 10.923 4.181 21.845 12.501 30.165l298.667 298.667c16.683 16.683 43.691 16.683 60.331 0s16.683-43.691 0-60.331z"
        ],
        "attrs": [],
        "isMulticolor": false,
        "isMulticolor2": false,
        "tags": [
          "arrow-left"
        ],
        "grid": 24
      },
      "attrs": [],
      "properties": {
        "id": 17,
        "order": 3,
        "prevSize": 24,
        "name": "arrow-left"
      },
      "setIdx": 0,
      "setId": 5,
      "iconIdx": 16
    },
    {
      "icon": {
        "paths": [
          "M481.835 243.499l225.835 225.835h-494.336c-23.552 0-42.667 19.115-42.667 42.667s19.115 42.667 42.667 42.667h494.336l-225.835 225.835c-16.683 16.683-16.683 43.691 0 60.331s43.691 16.683 60.331 0l298.667-298.667c3.925-3.925 7.083-8.619 9.259-13.824 4.309-10.453 4.309-22.229 0-32.683-2.091-5.035-5.163-9.728-9.259-13.824l-298.667-298.667c-16.683-16.683-43.691-16.683-60.331 0s-16.683 43.691 0 60.331z"
        ],
        "attrs": [],
        "isMulticolor": false,
        "isMulticolor2": false,
        "tags": [
          "arrow-right"
        ],
        "grid": 24
      },
      "attrs": [],
      "properties": {
        "id": 19,
        "order": 2,
        "prevSize": 24,
        "name": "arrow-right"
      },
      "setIdx": 0,
      "setId": 5,
      "iconIdx": 18
    }
  ],
  "height": 1024,
  "preferences": {
    "showGlyphs": true,
    "showQuickUse": true,
    "showQuickUse2": true,
    "showSVGs": true,
    "fontPref": {
      "prefix": "icon-",
      "metadata": {
        "fontFamily": "icomoon"
      },
      "metrics": {
        "emSize": 1024,
        "baseline": 6.25,
        "whitespace": 50
      },
      "embed": false
    },
    "imagePref": {
      "prefix": "icon-",
      "png": true,
      "useClassSelector": true,
      "color": 0,
      "bgColor": 16777215,
      "classSelector": ".icon",
      "name": "icomoon",
      "autoHost": true,
      "height": 32,
      "columns": 16,
      "margin": 16
    },
    "historySize": 50,
    "showCodes": true,
    "gridSize": 16,
    "quickUsageToken": {
      "UntitledProject": "MzllMzAyZWQ3YTNmMjk3MjM0YTZiODBmMDI0YjgyZGIjMSMxNjczNTA3NTg1IyMjNDk3MDVmNmY3Mzg5"
    }
  }
}